{
    "nlp": {
        "mean": [
            0.06318441778421402,
            0.024271301925182343,
            0.01204766146838665,
            0.0008907001465559006,
            0.07961568236351013,
            0.8813326358795166,
            0.0018420044798403978,
            395.7623291015625,
            135.7970733642578,
            295.0550537109375,
            6.163222312927246,
            832.7777709960938,
            1129824.75,
            0.115998774766922,
            0.06669336557388306,
            0.0929141640663147,
            0.07052895426750183,
            0.027850210666656494,
            0.01965639926493168,
            0.0014235815033316612,
            0.0014235815033316612,
            0.0006396463722921908,
            0.0006396463722921908,
            0.9978838562965393,
            0.002755784895271063,
            0.0015832572244107723,
            0.004689167253673077,
            0.051007919013500214,
            0.2149563729763031,
            0.48969823122024536,
            40.006797790527344,
            0.9996345043182373,
            0.03527192771434784,
            0.01160501316189766,
            0.0468769408762455,
            0.9998172521591187,
            0.8642217516899109,
            0.4255989193916321,
            0.09655778110027313,
            0.00013159426453057677
        ],
        "std": [
            0.24329441785812378,
            0.15388961136341095,
            0.10909834504127502,
            0.02983122318983078,
            0.2706964910030365,
            0.3233954906463623,
            0.04287862405180931,
            2037.1103515625,
            532.3731079101562,
            971.1846923828125,
            24.5616455078125,
            2326.857421875,
            8033584.5,
            8.795333862304688,
            0.2608259320259094,
            0.43346548080444336,
            0.3472488820552826,
            0.2238200604915619,
            0.22669273614883423,
            0.03770339488983154,
            0.03770339488983154,
            0.03169778734445572,
            0.03169778734445572,
            0.04977098107337952,
            0.052423007786273956,
            0.03975833207368851,
            0.0960940569639206,
            2.412201404571533,
            11.965276718139648,
            21.604549407958984,
            1877.0758056640625,
            0.01911488175392151,
            3.670583724975586,
            1.2139613628387451,
            3.8660144805908203,
            0.013517497107386589,
            0.9896938800811768,
            0.6563162207603455,
            0.3146188259124756,
            0.016222380101680756
        ],
        "node_feats_ind": [
            0,
            3,
            6,
            7,
            10,
            13,
            18,
            21,
            22,
            23,
            24,
            27,
            28,
            29,
            30,
            31,
            32,
            33,
            34,
            107,
            108,
            109,
            111,
            112,
            113,
            114,
            115,
            117,
            118,
            119,
            120,
            128,
            129,
            130,
            131,
            132,
            134,
            135,
            136,
            137
        ],
        "config_feats_ind": [
            0,
            1,
            2,
            6,
            7,
            8,
            12,
            13
        ]
    },
    "xla": {
        "mean": [
            0.040750496089458466,
            0.028648223727941513,
            0.0290534608066082,
            0.00139114900957793,
            0.1887950599193573,
            0.6626116037368774,
            0.08196435868740082,
            0.007372451946139336,
            0.00016364094335585833,
            906.3327026367188,
            197.36798095703125,
            124.34742736816406,
            93.56062316894531,
            2.0349953174591064,
            0.02110159397125244,
            1323.6650390625,
            1991441.375,
            0.28058093786239624,
            0.041419267654418945,
            0.0981203243136406,
            0.04571723937988281,
            0.04038899019360542,
            0.017283936962485313,
            0.0007845485233701766,
            0.0001706641196506098,
            0.1633576601743698,
            0.1740495264530182,
            0.004057419020682573,
            0.00021864965674467385,
            1.2616408639587462e-05,
            0.3416958749294281,
            31.724498748779297,
            0.01256207749247551,
            0.012702325358986855,
            0.0006013126694597304,
            0.00021684731473214924,
            1.2616408639587462e-05,
            0.026095181703567505,
            1.0018088817596436,
            0.005652285180985928,
            0.015054646879434586,
            0.00023070003953762352,
            0.020937632769346237,
            0.9934816360473633,
            0.004930275492370129,
            0.005102287046611309,
            0.00031259498791769147,
            1.8023440588876838e-06,
            0.01034696027636528,
            0.9937268495559692,
            0.012438617646694183,
            0.0124440249055624,
            0.00046466963249258697,
            0.000204230920644477,
            1.2616408639587462e-05,
            0.02556416019797325,
            1.0008907318115234,
            0.012394683435559273,
            0.012410003691911697,
            0.00047368137165904045,
            0.000204230920644477,
            1.2616408639587462e-05,
            0.025495216250419617,
            1.0007832050323486,
            0.0037791284266859293,
            0.0037791284266859293,
            8.11054851510562e-05,
            0.0076393624767661095,
            0.01734871044754982,
            0.011649765074253082,
            0.024059686809778214,
            0.011734817177057266,
            0.02356955222785473,
            0.0007461704663001001,
            0.01986668072640896,
            0.03185214474797249,
            0.0038328636437654495,
            0.015627045184373856,
            0.000581255997531116,
            0.00779910059645772,
            0.03556638956069946,
            0.461841344833374,
            0.23791810870170593,
            0.026768989861011505,
            4.6533122062683105,
            4.847931385040283,
            0.9932695627212524,
            0.015650082379579544,
            0.011110073886811733,
            0.036463044583797455,
            0.7120923399925232,
            12.196969985961914,
            14.408517837524414,
            16146.1123046875,
            0.0007140113739296794,
            0.06248169392347336,
            1.1529771089553833,
            91.60842895507812,
            7.998834007594269e-06,
            0.0001368664379697293,
            0.016422662883996964,
            0.9984055161476135,
            0.008285398595035076,
            0.04096348583698273,
            0.09214828908443451,
            24.330074310302734,
            0.00042457866948097944,
            0.8876643180847168,
            0.5377935171127319,
            0.22707176208496094,
            0.0091568473726511,
            0.00016210670582950115
        ],